Cloud,Name,vCPU,MemoryMiB
AWS,m5a.2xlarge,8,32768
AWS,c6a.16xlarge,64,131072
AWS,u7i-6tb.112xlarge,448,6291456
AWS,c7i.2xlarge,8,16384
AWS,i7ie.18xlarge,72,589824
AWS,m5d.xlarge,4,16384
AWS,g5.4xlarge,16,65536
AWS,m6gd.xlarge,4,16384
AWS,m6idn.large,2,8192
AWS,r6in.metal,128,1048576
AWS,m6id.xlarge,4,16384
AWS,is4gen.4xlarge,16,98304
AWS,d3en.2xlarge,8,32768
AWS,r7iz.12xlarge,48,393216
AWS,m6gd.4xlarge,16,65536
AWS,r7a.2xlarge,8,65536
AWS,m5n.16xlarge,64,262144
AWS,m7i.16xlarge,64,262144
AWS,i3en.3xlarge,12,98304
AWS,r5a.xlarge,4,32768
AWS,c3.large,2,3840
AWS,m2.4xlarge,8,70041
AWS,c6gn.16xlarge,64,131072
AWS,c7gn.16xlarge,64,131072
AWS,r6in.24xlarge,96,786432
AWS,g6e.8xlarge,32,262144
AWS,r5n.12xlarge,48,393216
AWS,m8g.8xlarge,32,131072
AWS,c6gd.metal,64,131072
AWS,g6.24xlarge,96,393216
AWS,r7iz.8xlarge,32,262144
AWS,m7gd.16xlarge,64,262144
AWS,r5.24xlarge,96,786432
AWS,c6id.8xlarge,32,65536
AWS,c8g.2xlarge,8,16384
AWS,is4gen.xlarge,4,24576
AWS,c7g.8xlarge,32,65536
AWS,m5dn.12xlarge,48,196608
AWS,x2iezn.4xlarge,16,524288
AWS,c6in.xlarge,4,8192
AWS,t2.2xlarge,8,32768
AWS,c3.8xlarge,32,61440
AWS,m4.4xlarge,16,65536
AWS,x2iedn.2xlarge,8,262144
AWS,r6a.metal,192,1572864
AWS,m6id.2xlarge,8,32768
AWS,i3en.12xlarge,48,393216
AWS,c5ad.24xlarge,96,196608
AWS,g6e.48xlarge,192,1572864
AWS,m6gd.12xlarge,48,196608
AWS,c7a.xlarge,4,8192
AWS,m7i.metal-24xl,96,393216
AWS,c6in.24xlarge,96,196608
AWS,r6g.16xlarge,64,524288
AWS,c8g.48xlarge,192,393216
AWS,m7g.4xlarge,16,65536
AWS,r6gd.2xlarge,8,65536
AWS,im4gn.2xlarge,8,32768
AWS,inf2.48xlarge,192,786432
AWS,mac2-m2.metal,8,24576
AWS,m7gd.large,2,8192
AWS,r6g.medium,1,8192
AWS,r8g.12xlarge,48,393216
AWS,m8g.24xlarge,96,393216
AWS,r6a.2xlarge,8,65536
AWS,c7gd.medium,1,2048
AWS,trn1.32xlarge,128,524288
AWS,x1e.2xlarge,8,249856
AWS,c4.4xlarge,16,30720
AWS,r5dn.8xlarge,32,262144
AWS,m5zn.2xlarge,8,32768
AWS,r8g.4xlarge,16,131072
AWS,r6a.xlarge,4,32768
AWS,g5.2xlarge,8,32768
AWS,i7ie.24xlarge,96,786432
AWS,r7iz.16xlarge,64,524288
AWS,x2gd.8xlarge,32,524288
AWS,r5a.2xlarge,8,65536
AWS,c5n.2xlarge,8,21504
AWS,r7a.xlarge,4,32768
AWS,r3.large,2,15360
AWS,c6i.32xlarge,128,262144
AWS,r8g.metal-24xl,96,786432
AWS,t4g.nano,2,512
AWS,c7gn.xlarge,4,8192
AWS,r6i.xlarge,4,32768
AWS,c6a.24xlarge,96,196608
AWS,t1.micro,1,627
AWS,m6a.2xlarge,8,32768
AWS,m5a.16xlarge,64,262144
AWS,m5ad.12xlarge,48,196608
AWS,x2gd.metal,64,1048576
AWS,i4i.16xlarge,64,524288
AWS,r6id.16xlarge,64,524288
AWS,f1.2xlarge,8,124928
AWS,r6idn.16xlarge,64,524288
AWS,x8g.24xlarge,96,1572864
AWS,r6gd.medium,1,8192
AWS,x8g.2xlarge,8,131072
AWS,x1e.8xlarge,32,999424
Azure,Standard_L8as_v3,8,65536
Azure,Standard_L16as_v3,16,131072
Azure,Standard_L32as_v3,32,262144
Azure,Standard_L48as_v3,48,393216
Azure,Standard_L64as_v3,64,524288
Azure,Standard_L80as_v3,80,655360
Azure,Standard_D2a_v4,2,8192
Azure,Standard_D4a_v4,4,16384
Azure,Standard_D8a_v4,8,32768
Azure,Standard_D16a_v4,16,65536
Azure,Standard_D32a_v4,32,131072
Azure,Standard_D48a_v4,48,196608
Azure,Standard_D64a_v4,64,262144
Azure,Standard_D96a_v4,96,393216
Azure,Standard_D2as_v4,2,8192
Azure,Standard_D4as_v4,4,16384
Azure,Standard_D8as_v4,8,32768
Azure,Standard_D16as_v4,16,65536
Azure,Standard_D32as_v4,32,131072
Azure,Standard_D48as_v4,48,196608
Azure,Standard_D64as_v4,64,262144
Azure,Standard_D96as_v4,96,393216
Azure,Standard_E2a_v4,2,16384
Azure,Standard_E4a_v4,4,32768
Azure,Standard_E8a_v4,8,65536
Azure,Standard_E16a_v4,16,131072
Azure,Standard_E20a_v4,20,163840
Azure,Standard_E32a_v4,32,262144
Azure,Standard_E48a_v4,48,393216
Azure,Standard_E64a_v4,64,524288
Azure,Standard_E96a_v4,96,688128
Azure,Standard_E2as_v4,2,16384
Azure,Standard_E4-2as_v4,4,32768
Azure,Standard_E4as_v4,4,32768
Azure,Standard_E8-2as_v4,8,65536
Azure,Standard_E8-4as_v4,8,65536
Azure,Standard_E8as_v4,8,65536
Azure,Standard_E16-4as_v4,16,131072
Azure,Standard_E16-8as_v4,16,131072
Azure,Standard_E16as_v4,16,131072
Azure,Standard_E20as_v4,20,163840
Azure,Standard_E32-8as_v4,32,262144
Azure,Standard_E32-16as_v4,32,262144
Azure,Standard_E32as_v4,32,262144
Azure,Standard_E48as_v4,48,393216
Azure,Standard_E64-16as_v4,64,524288
Azure,Standard_E64-32as_v4,64,524288
Azure,Standard_E64as_v4,64,524288
Azure,Standard_E96-24as_v4,96,688128
Azure,Standard_E96-48as_v4,96,688128
Azure,Standard_E96as_v4,96,688128
Azure,Standard_D2as_v5,2,8192
Azure,Standard_D4as_v5,4,16384
Azure,Standard_D8as_v5,8,32768
Azure,Standard_D16as_v5,16,65536
Azure,Standard_D32as_v5,32,131072
Azure,Standard_D48as_v5,48,196608
Azure,Standard_D64as_v5,64,262144
Azure,Standard_D96as_v5,96,393216
Azure,Standard_E2as_v5,2,16384
Azure,Standard_E4-2as_v5,4,32768
Azure,Standard_E4as_v5,4,32768
Azure,Standard_E8-2as_v5,8,65536
Azure,Standard_E8-4as_v5,8,65536
Azure,Standard_E8as_v5,8,65536
Azure,Standard_E16-4as_v5,16,131072
Azure,Standard_E16-8as_v5,16,131072
Azure,Standard_E16as_v5,16,131072
Azure,Standard_E20as_v5,20,163840
Azure,Standard_E32-8as_v5,32,262144
Azure,Standard_E32-16as_v5,32,262144
Azure,Standard_E32as_v5,32,262144
Azure,Standard_E48as_v5,48,393216
Azure,Standard_E64-16as_v5,64,524288
Azure,Standard_E64-32as_v5,64,524288
Azure,Standard_E64as_v5,64,524288
Azure,Standard_E96-24as_v5,96,688128
Azure,Standard_E96-48as_v5,96,688128
Azure,Standard_E96as_v5,96,688128
Azure,Standard_D2ads_v5,2,8192
Azure,Standard_D4ads_v5,4,16384
Azure,Standard_D8ads_v5,8,32768
Azure,Standard_D16ads_v5,16,65536
Azure,Standard_D32ads_v5,32,131072
Azure,Standard_D48ads_v5,48,196608
Azure,Standard_D64ads_v5,64,262144
Azure,Standard_D96ads_v5,96,393216
Azure,Standard_E2ads_v5,2,16384
Azure,Standard_E4-2ads_v5,4,32768
Azure,Standard_E4ads_v5,4,32768
Azure,Standard_E8-2ads_v5,8,65536
Azure,Standard_E8-4ads_v5,8,65536
Azure,Standard_E8ads_v5,8,65536
Azure,Standard_E16-4ads_v5,16,131072
Azure,Standard_E16-8ads_v5,16,131072
Azure,Standard_E16ads_v5,16,131072
Azure,Standard_E20ads_v5,20,163840
Azure,Standard_E32-8ads_v5,32,262144
Azure,Standard_E32-16ads_v5,32,262144
Azure,Standard_E32ads_v5,32,262144
Azure,Standard_E48ads_v5,48,393216
Azure,Standard_E64-16ads_v5,64,524288
Azure,Standard_E64-32ads_v5,64,524288
Azure,Standard_E64ads_v5,64,524288
Azure,Standard_E96-24ads_v5,96,688128
Azure,Standard_E96-48ads_v5,96,688128
Azure,Standard_E96ads_v5,96,688128
Azure,Standard_E112ias_v5,112,688128
Azure,Standard_E112iads_v5,112,688128
Azure,Standard_B2als_v2,2,4096
Azure,Standard_B2as_v2,2,8192
Azure,Standard_B2ats_v2,2,1024
Azure,Standard_B4als_v2,4,8192
Azure,Standard_B4as_v2,4,16384
Azure,Standard_B8als_v2,8,16384
Azure,Standard_B8as_v2,8,32768
Azure,Standard_B16als_v2,16,32768
Azure,Standard_B16as_v2,16,65536
Azure,Standard_B32als_v2,32,65536
Azure,Standard_B32as_v2,32,131072
Azure,Standard_B1ls,1,512
Azure,Standard_B1ms,1,2048
Azure,Standard_B1s,1,1024
Azure,Standard_B2ms,2,8192
Azure,Standard_B2s,2,4096
Azure,Standard_B4ms,4,16384
Azure,Standard_B8ms,8,32768
Azure,Standard_B12ms,12,49152
Azure,Standard_B16ms,16,65536
Azure,Standard_B20ms,20,81920
Azure,Standard_D1_v2,1,3584
Azure,Standard_D2_v2,2,7168
Azure,Standard_D3_v2,4,14336
Azure,Standard_D4_v2,8,28672
Azure,Standard_D5_v2,16,57344
Azure,Standard_D11_v2,2,14336
Azure,Standard_D12_v2,4,28672
Azure,Standard_D13_v2,8,57344
Azure,Standard_D14_v2,16,114688
Azure,Standard_D15_v2,20,143360
Azure,Standard_D2_v2_Promo,2,7168
Azure,Standard_D3_v2_Promo,4,14336
Azure,Standard_D4_v2_Promo,8,28672
Azure,Standard_D5_v2_Promo,16,57344
Azure,Standard_D11_v2_Promo,2,14336
Azure,Standard_D12_v2_Promo,4,28672
Azure,Standard_D13_v2_Promo,8,57344
Azure,Standard_D14_v2_Promo,16,114688
Azure,Standard_DS2_v2_Promo,2,7168
Azure,Standard_DS3_v2_Promo,4,14336
Azure,Standard_DS4_v2_Promo,8,28672
Azure,Standard_DS5_v2_Promo,16,57344
Azure,Standard_DS11_v2_Promo,2,14336
Azure,Standard_DS12_v2_Promo,4,28672
Azure,Standard_DS13_v2_Promo,8,57344
Azure,Standard_DS14_v2_Promo,16,114688
Azure,Standard_F1,1,2048
Azure,Standard_F2,2,4096
Azure,Standard_F4,4,8192
Azure,Standard_F8,8,16384
Azure,Standard_F16,16,32768
Azure,Standard_A1_v2,1,2048
Azure,Standard_A2m_v2,2,16384
Azure,Standard_A2_v2,2,4096
Azure,Standard_A4m_v2,4,32768
Azure,Standard_A4_v2,4,8192
Azure,Standard_A8m_v2,8,65536
Azure,Standard_A8_v2,8,16384
Azure,Standard_D2_v3,2,8192
Azure,Standard_D4_v3,4,16384
Azure,Standard_D8_v3,8,32768
Azure,Standard_D16_v3,16,65536
Azure,Standard_D32_v3,32,131072
Azure,Standard_D48_v3,48,196608
Azure,Standard_D64_v3,64,262144
Azure,Standard_E2_v3,2,16384
Azure,Standard_E4_v3,4,32768
Azure,Standard_E8_v3,8,65536
Azure,Standard_E16_v3,16,131072
Azure,Standard_E20_v3,20,163840
Azure,Standard_E32_v3,32,262144
Azure,Standard_E48_v3,48,393216
Azure,Standard_E64_v3,64,442368
Azure,Standard_D1,1,3584
Azure,Standard_D2,2,7168
Azure,Standard_D3,4,14336
Azure,Standard_D4,8,28672
Azure,Standard_D11,2,14336
Azure,Standard_D12,4,28672
Azure,Standard_D13,8,57344
Azure,Standard_D14,16,114688
Azure,Standard_DS1_v2,1,3584
Azure,Standard_DS2_v2,2,7168
Azure,Standard_DS3_v2,4,14336
Azure,Standard_DS4_v2,8,28672
Azure,Standard_DS5_v2,16,57344
Azure,Standard_DS11-1_v2,2,14336
Azure,Standard_DS11_v2,2,14336
Azure,Standard_DS12-1_v2,4,28672
Azure,Standard_DS12-2_v2,4,28672
Azure,Standard_DS12_v2,4,28672
Azure,Standard_DS13-2_v2,8,57344
Azure,Standard_DS13-4_v2,8,57344
Azure,Standard_DS13_v2,8,57344
Azure,Standard_DS14-4_v2,16,114688
Azure,Standard_DS14-8_v2,16,114688
Azure,Standard_DS14_v2,16,114688
Azure,Standard_DS15_v2,20,143360
Azure,Standard_F1s,1,2048
Azure,Standard_F2s,2,4096
Azure,Standard_F4s,4,8192
Azure,Standard_F8s,8,16384
Azure,Standard_F16s,16,32768
Azure,Standard_D2s_v3,2,8192
Azure,Standard_D4s_v3,4,16384
Azure,Standard_D8s_v3,8,32768
Azure,Standard_D16s_v3,16,65536
Azure,Standard_D32s_v3,32,131072
Azure,Standard_D48s_v3,48,196608
Azure,Standard_D64s_v3,64,262144
Azure,Standard_E2s_v3,2,16384
Azure,Standard_E4-2s_v3,4,32768
Azure,Standard_E4s_v3,4,32768
Azure,Standard_E8-2s_v3,8,65536
Azure,Standard_E8-4s_v3,8,65536
Azure,Standard_E8s_v3,8,65536
Azure,Standard_E16-4s_v3,16,131072
Azure,Standard_E16-8s_v3,16,131072
Azure,Standard_E16s_v3,16,131072
Azure,Standard_E20s_v3,20,163840
Azure,Standard_E32-8s_v3,32,262144
Azure,Standard_E32-16s_v3,32,262144
Azure,Standard_E32s_v3,32,262144
Azure,Standard_E48s_v3,48,393216
Azure,Standard_E64-16s_v3,64,442368
Azure,Standard_E64-32s_v3,64,442368
Azure,Standard_E64s_v3,64,442368
Azure,Standard_DS1,1,3584
Azure,Standard_DS2,2,7168
Azure,Standard_DS3,4,14336
Azure,Standard_DS4,8,28672
Azure,Standard_DS11,2,14336
Azure,Standard_DS12,4,28672
Azure,Standard_DS13,8,57344
Azure,Standard_DS14,16,114688
Azure,Standard_E2_v4,2,16384
Azure,Standard_E4_v4,4,32768
Azure,Standard_E8_v4,8,65536
Azure,Standard_E16_v4,16,131072
Azure,Standard_E20_v4,20,163840
Azure,Standard_E32_v4,32,262144
Azure,Standard_E48_v4,48,393216
Azure,Standard_E64_v4,64,516096
Azure,Standard_E2d_v4,2,16384
Azure,Standard_E4d_v4,4,32768
Azure,Standard_E8d_v4,8,65536
Azure,Standard_E16d_v4,16,131072
Azure,Standard_E20d_v4,20,163840
Azure,Standard_E32d_v4,32,262144
Azure,Standard_E48d_v4,48,393216
Azure,Standard_E64d_v4,64,516096
Azure,Standard_E2s_v4,2,16384
Azure,Standard_E4-2s_v4,4,32768
Azure,Standard_E4s_v4,4,32768
Azure,Standard_E8-2s_v4,8,65536
Azure,Standard_E8-4s_v4,8,65536
Azure,Standard_E8s_v4,8,65536
Azure,Standard_E16-4s_v4,16,131072
Azure,Standard_E16-8s_v4,16,131072
Azure,Standard_E16s_v4,16,131072
Azure,Standard_E20s_v4,20,163840
Azure,Standard_E32-8s_v4,32,262144
Azure,Standard_E32-16s_v4,32,262144
Azure,Standard_E32s_v4,32,262144
Azure,Standard_E48s_v4,48,393216
Azure,Standard_E64-16s_v4,64,516096
Azure,Standard_E64-32s_v4,64,516096
Azure,Standard_E64s_v4,64,516096
Azure,Standard_E80is_v4,80,516096
Azure,Standard_E2ds_v4,2,16384
Azure,Standard_E4-2ds_v4,4,32768
Azure,Standard_E4ds_v4,4,32768
Azure,Standard_E8-2ds_v4,8,65536
Azure,Standard_E8-4ds_v4,8,65536
Azure,Standard_E8ds_v4,8,65536
Azure,Standard_E16-4ds_v4,16,131072
Azure,Standard_E16-8ds_v4,16,131072
Azure,Standard_E16ds_v4,16,131072
Azure,Standard_E20ds_v4,20,163840
Azure,Standard_E32-8ds_v4,32,262144
Azure,Standard_E32-16ds_v4,32,262144
Azure,Standard_E32ds_v4,32,262144
Azure,Standard_E48ds_v4,48,393216
Azure,Standard_E64-16ds_v4,64,516096
Azure,Standard_E64-32ds_v4,64,516096
Azure,Standard_E64ds_v4,64,516096
Azure,Standard_E80ids_v4,80,516096
Azure,Standard_D2d_v4,2,8192
Azure,Standard_D4d_v4,4,16384
Azure,Standard_D8d_v4,8,32768
Azure,Standard_D16d_v4,16,65536
Azure,Standard_D32d_v4,32,131072
Azure,Standard_D48d_v4,48,196608
Azure,Standard_D64d_v4,64,262144
Azure,Standard_D2_v4,2,8192
Azure,Standard_D4_v4,4,16384
Azure,Standard_D8_v4,8,32768
Azure,Standard_D16_v4,16,65536
Azure,Standard_D32_v4,32,131072
Azure,Standard_D48_v4,48,196608
Azure,Standard_D64_v4,64,262144
Azure,Standard_D2ds_v4,2,8192
Azure,Standard_D4ds_v4,4,16384
Azure,Standard_D8ds_v4,8,32768
Azure,Standard_D16ds_v4,16,65536
Azure,Standard_D32ds_v4,32,131072
Azure,Standard_D48ds_v4,48,196608
Azure,Standard_D64ds_v4,64,262144
Azure,Standard_D2s_v4,2,8192
Azure,Standard_D4s_v4,4,16384
Azure,Standard_D8s_v4,8,32768
Azure,Standard_D16s_v4,16,65536
Azure,Standard_D32s_v4,32,131072
Azure,Standard_D48s_v4,48,196608
Azure,Standard_D64s_v4,64,262144
Azure,Standard_F2s_v2,2,4096
Azure,Standard_F4s_v2,4,8192
Azure,Standard_F8s_v2,8,16384
Azure,Standard_F16s_v2,16,32768
Azure,Standard_F32s_v2,32,65536
Azure,Standard_F48s_v2,48,98304
Azure,Standard_F64s_v2,64,131072
Azure,Standard_F72s_v2,72,147456
Azure,Standard_M64,64,1048576
Azure,Standard_M64m,64,1835008
Azure,Standard_M128,128,2097152
Azure,Standard_M128m,128,3985408
Azure,Standard_M8-2ms,8,224000
Azure,Standard_M8-4ms,8,224000
Azure,Standard_M8ms,8,224000
Azure,Standard_M16-4ms,16,448000
Azure,Standard_M16-8ms,16,448000
Azure,Standard_M16ms,16,448000
Azure,Standard_M32-8ms,32,896000
Azure,Standard_M32-16ms,32,896000
Azure,Standard_M32ls,32,262144
Azure,Standard_M32ms,32,896000
Azure,Standard_M32ts,32,196608
Azure,Standard_M64-16ms,64,1835008
Azure,Standard_M64-32ms,64,1835008
Azure,Standard_M64ls,64,524288
Azure,Standard_M64ms,64,1835008
Azure,Standard_M64s,64,1048576
Azure,Standard_M128-32ms,128,3985408
Azure,Standard_M128-64ms,128,3985408
Azure,Standard_M128ms,128,3985408
Azure,Standard_M128s,128,2097152
Azure,Standard_M32ms_v2,32,896000
Azure,Standard_M64ms_v2,64,1835008
Azure,Standard_M64s_v2,64,1048576
Azure,Standard_M128ms_v2,128,3985408
Azure,Standard_M128s_v2,128,2097152
Azure,Standard_M192ims_v2,192,4194304
Azure,Standard_M192is_v2,192,2097152
Azure,Standard_M32dms_v2,32,896000
Azure,Standard_M64dms_v2,64,1835008
Azure,Standard_M64ds_v2,64,1048576
Azure,Standard_M128dms_v2,128,3985408
Azure,Standard_M128ds_v2,128,2097152
Azure,Standard_M192idms_v2,192,4194304
Azure,Standard_M192ids_v2,192,2097152
Azure,Standard_DC2as_v5,2,8192
Azure,Standard_DC4as_v5,4,16384
Azure,Standard_DC8as_v5,8,32768
Azure,Standard_DC16as_v5,16,65536
Azure,Standard_DC32as_v5,32,131072
Azure,Standard_DC48as_v5,48,196608
Azure,Standard_DC64as_v5,64,262144
Azure,Standard_DC96as_v5,96,393216
Azure,Standard_DC2ads_v5,2,8192
Azure,Standard_DC4ads_v5,4,16384
Azure,Standard_DC8ads_v5,8,32768
Azure,Standard_DC16ads_v5,16,65536
Azure,Standard_DC32ads_v5,32,131072
Azure,Standard_DC48ads_v5,48,196608
Azure,Standard_DC64ads_v5,64,262144
Azure,Standard_DC96ads_v5,96,393216
Azure,Standard_EC2as_v5,2,16384
Azure,Standard_EC4as_v5,4,32768
Azure,Standard_EC8as_v5,8,65536
Azure,Standard_EC16as_v5,16,131072
Azure,Standard_EC20as_v5,20,163840
Azure,Standard_EC32as_v5,32,196608
Azure,Standard_EC48as_v5,48,393216
Azure,Standard_EC64as_v5,64,524288
Azure,Standard_EC96as_v5,96,688128
Azure,Standard_EC96ias_v5,96,688128
Azure,Standard_EC2ads_v5,2,16384
Azure,Standard_EC4ads_v5,4,32768
Azure,Standard_EC8ads_v5,8,65536
Azure,Standard_EC16ads_v5,16,131072
Azure,Standard_EC20ads_v5,20,163840
Azure,Standard_EC32ads_v5,32,196608
Azure,Standard_EC48ads_v5,48,393216
Azure,Standard_EC64ads_v5,64,524288
Azure,Standard_EC96ads_v5,96,688128
Azure,Standard_EC96iads_v5,96,688128
Azure,Standard_DC4as_cc_v5,4,16384
Azure,Standard_DC8as_cc_v5,8,32768
Azure,Standard_DC16as_cc_v5,16,65536
Azure,Standard_DC32as_cc_v5,32,131072
Azure,Standard_DC48as_cc_v5,48,196608
Azure,Standard_DC64as_cc_v5,64,262144
Azure,Standard_DC96as_cc_v5,96,393216
Azure,Standard_DC4ads_cc_v5,4,16384
Azure,Standard_DC8ads_cc_v5,8,32768
Azure,Standard_DC16ads_cc_v5,16,65536
Azure,Standard_DC32ads_cc_v5,32,131072
Azure,Standard_DC48ads_cc_v5,48,196608
Azure,Standard_DC64ads_cc_v5,64,262144
Azure,Standard_DC96ads_cc_v5,96,393216
Azure,Standard_EC4as_cc_v5,4,32768
Azure,Standard_EC8as_cc_v5,8,65536
Azure,Standard_EC16as_cc_v5,16,131072
Azure,Standard_EC20as_cc_v5,20,163840
Azure,Standard_EC32as_cc_v5,32,196608
Azure,Standard_EC48as_cc_v5,48,393216
Azure,Standard_EC64as_cc_v5,64,524288
Azure,Standard_EC96as_cc_v5,96,688128
Azure,Standard_EC4ads_cc_v5,4,32768
Azure,Standard_EC8ads_cc_v5,8,65536
Azure,Standard_EC16ads_cc_v5,16,131072
Azure,Standard_EC20ads_cc_v5,20,163840
Azure,Standard_EC32ads_cc_v5,32,196608
Azure,Standard_EC48ads_cc_v5,48,393216
Azure,Standard_EC64ads_cc_v5,64,524288
Azure,Standard_EC96ads_cc_v5,96,688128
Azure,Standard_E96ias_v4,96,688128
Azure,Standard_D2ds_v5,2,8192
Azure,Standard_D4ds_v5,4,16384
Azure,Standard_D8ds_v5,8,32768
Azure,Standard_D16ds_v5,16,65536
Azure,Standard_D32ds_v5,32,131072
Azure,Standard_D48ds_v5,48,196608
Azure,Standard_D64ds_v5,64,262144
Azure,Standard_D96ds_v5,96,393216
Azure,Standard_D2d_v5,2,8192
Azure,Standard_D4d_v5,4,16384
Azure,Standard_D8d_v5,8,32768
Azure,Standard_D16d_v5,16,65536
Azure,Standard_D32d_v5,32,131072
Azure,Standard_D48d_v5,48,196608
Azure,Standard_D64d_v5,64,262144
Azure,Standard_D96d_v5,96,393216
Azure,Standard_D2s_v5,2,8192
Azure,Standard_D4s_v5,4,16384
Azure,Standard_D8s_v5,8,32768
Azure,Standard_D16s_v5,16,65536
Azure,Standard_D32s_v5,32,131072
Azure,Standard_D48s_v5,48,196608
Azure,Standard_D64s_v5,64,262144
Azure,Standard_D96s_v5,96,393216
Azure,Standard_D2_v5,2,8192
Azure,Standard_D4_v5,4,16384
Azure,Standard_D8_v5,8,32768
Azure,Standard_D16_v5,16,65536
Azure,Standard_D32_v5,32,131072
Azure,Standard_D48_v5,48,196608
Azure,Standard_D64_v5,64,262144
Azure,Standard_D96_v5,96,393216
Azure,Standard_E2ds_v5,2,16384
Azure,Standard_E4-2ds_v5,4,32768
Azure,Standard_E4ds_v5,4,32768
Azure,Standard_E8-2ds_v5,8,65536
Azure,Standard_E8-4ds_v5,8,65536
Azure,Standard_E8ds_v5,8,65536
Azure,Standard_E16-4ds_v5,16,131072
Azure,Standard_E16-8ds_v5,16,131072
Azure,Standard_E16ds_v5,16,131072
Azure,Standard_E20ds_v5,20,163840
Azure,Standard_E32-8ds_v5,32,262144
Azure,Standard_E32-16ds_v5,32,262144
Azure,Standard_E32ds_v5,32,262144
Azure,Standard_E48ds_v5,48,393216
Azure,Standard_E64-16ds_v5,64,524288
Azure,Standard_E64-32ds_v5,64,524288
Azure,Standard_E64ds_v5,64,524288
Azure,Standard_E96-24ds_v5,96,688128
Azure,Standard_E96-48ds_v5,96,688128
Azure,Standard_E96ds_v5,96,688128
Azure,Standard_E104ids_v5,104,688128
Azure,Standard_E2d_v5,2,16384
Azure,Standard_E4d_v5,4,32768
Azure,Standard_E8d_v5,8,65536
Azure,Standard_E16d_v5,16,131072
Azure,Standard_E20d_v5,20,163840
Azure,Standard_E32d_v5,32,262144
Azure,Standard_E48d_v5,48,393216
Azure,Standard_E64d_v5,64,524288
Azure,Standard_E96d_v5,96,688128
Azure,Standard_E104id_v5,104,688128
Azure,Standard_E2s_v5,2,16384
Azure,Standard_E4-2s_v5,4,32768
Azure,Standard_E4s_v5,4,32768
Azure,Standard_E8-2s_v5,8,65536
Azure,Standard_E8-4s_v5,8,65536
Azure,Standard_E8s_v5,8,65536
Azure,Standard_E16-4s_v5,16,131072
Azure,Standard_E16-8s_v5,16,131072
Azure,Standard_E16s_v5,16,131072
Azure,Standard_E20s_v5,20,163840
Azure,Standard_E32-8s_v5,32,262144
Azure,Standard_E32-16s_v5,32,262144
Azure,Standard_E32s_v5,32,262144
Azure,Standard_E48s_v5,48,393216
Azure,Standard_E64-16s_v5,64,524288
Azure,Standard_E64-32s_v5,64,524288
Azure,Standard_E64s_v5,64,524288
Azure,Standard_E96-24s_v5,96,688128
Azure,Standard_E96-48s_v5,96,688128
Azure,Standard_E96s_v5,96,688128
Azure,Standard_E104is_v5,104,688128
Azure,Standard_E2_v5,2,16384
Azure,Standard_E4_v5,4,32768
Azure,Standard_E8_v5,8,65536
Azure,Standard_E16_v5,16,131072
Azure,Standard_E20_v5,20,163840
Azure,Standard_E32_v5,32,262144
Azure,Standard_E48_v5,48,393216
Azure,Standard_E64_v5,64,524288
Azure,Standard_E96_v5,96,688128
Azure,Standard_E104i_v5,104,688128
Azure,Standard_E2bs_v5,2,16384
Azure,Standard_E4bs_v5,4,32768
Azure,Standard_E8bs_v5,8,65536
Azure,Standard_E16bs_v5,16,131072
Azure,Standard_E32bs_v5,32,262144
Azure,Standard_E48bs_v5,48,393216
Azure,Standard_E64bs_v5,64,524288
Azure,Standard_E96bs_v5,96,688128
Azure,Standard_E112ibs_v5,112,688128
Azure,Standard_E2bds_v5,2,16384
Azure,Standard_E4bds_v5,4,32768
Azure,Standard_E8bds_v5,8,65536
Azure,Standard_E16bds_v5,16,131072
Azure,Standard_E32bds_v5,32,262144
Azure,Standard_E48bds_v5,48,393216
Azure,Standard_E64bds_v5,64,524288
Azure,Standard_E96bds_v5,96,688128
Azure,Standard_E112ibds_v5,112,688128
Azure,Standard_D2ls_v5,2,4096
Azure,Standard_D4ls_v5,4,8192
Azure,Standard_D8ls_v5,8,16384
Azure,Standard_D16ls_v5,16,32768
Azure,Standard_D32ls_v5,32,65536
Azure,Standard_D48ls_v5,48,98304
Azure,Standard_D64ls_v5,64,131072
Azure,Standard_D96ls_v5,96,196608
Azure,Standard_D2lds_v5,2,4096
Azure,Standard_D4lds_v5,4,8192
Azure,Standard_D8lds_v5,8,16384
Azure,Standard_D16lds_v5,16,32768
Azure,Standard_D32lds_v5,32,65536
Azure,Standard_D48lds_v5,48,98304
Azure,Standard_D64lds_v5,64,131072
Azure,Standard_D96lds_v5,96,196608
Azure,Standard_B2ls_v2,2,4096
Azure,Standard_B2s_v2,2,8192
Azure,Standard_B2ts_v2,2,1024
Azure,Standard_B4ls_v2,4,8192
Azure,Standard_B4s_v2,4,16384
Azure,Standard_B8ls_v2,8,16384
Azure,Standard_B8s_v2,8,32768
Azure,Standard_B16ls_v2,16,32768
Azure,Standard_B16s_v2,16,65536
Azure,Standard_B32ls_v2,32,65536
Azure,Standard_B32s_v2,32,131072
Azure,Standard_A0,1,768
Azure,Standard_A1,1,1792
Azure,Standard_A2,2,3584
Azure,Standard_A3,4,7168
Azure,Standard_A5,2,14336
Azure,Standard_A4,8,14336
Azure,Standard_A6,4,28672
Azure,Standard_A7,8,57344
Azure,Basic_A0,1,768
Azure,Basic_A1,1,1792
Azure,Basic_A2,2,3584
Azure,Basic_A3,4,7168
Azure,Basic_A4,8,14336
Azure,Standard_M12s_v3,12,245760
Azure,Standard_M24s_v3,24,491520
Azure,Standard_M48s_1_v3,48,997376
Azure,Standard_M96s_1_v3,96,997376
Azure,Standard_M96s_2_v3,96,1992704
Azure,Standard_M176s_3_v3,176,2861056
Azure,Standard_M176s_4_v3,176,3985408
Azure,Standard_M12ds_v3,12,245760
Azure,Standard_M24ds_v3,24,491520
Azure,Standard_M48ds_1_v3,48,997376
Azure,Standard_M96ds_1_v3,96,997376
Azure,Standard_M96ds_2_v3,96,1992704
Azure,Standard_M176ds_3_v3,176,2861056
Azure,Standard_M176ds_4_v3,176,3985408
Azure,Standard_M16bs_v3,16,131072
Azure,Standard_M32bs_v3,32,262144
Azure,Standard_M48bs_v3,48,393216
Azure,Standard_M64bs_v3,64,524288
Azure,Standard_M96bs_v3,96,786432
Azure,Standard_M128-64bs_v3,128,1048576
Azure,Standard_M128bs_v3,128,1048576
Azure,Standard_M176-88bs_v3,176,1572864
Azure,Standard_M176bs_v3,176,1572864
Azure,Standard_M16bds_v3,16,131072
Azure,Standard_M32bds_v3,32,262144
Azure,Standard_M48bds_v3,48,393216
Azure,Standard_M64-32bds_1_v3,64,1430528
Azure,Standard_M64bds_1_v3,64,1430528
Azure,Standard_M64bds_v3,64,524288
Azure,Standard_M96-48bds_2_v3,96,1992704
Azure,Standard_M96bds_2_v3,96,1992704
Azure,Standard_M96bds_v3,96,786432
Azure,Standard_M128-64bds_3_v3,128,2861056
Azure,Standard_M128-64bds_v3,128,1048576
Azure,Standard_M128bds_3_v3,128,2861056
Azure,Standard_M128bds_v3,128,1048576
Azure,Standard_M176-88bds_4_v3,176,3985408
Azure,Standard_M176-88bds_v3,176,1572864
Azure,Standard_M176bds_4_v3,176,3985408
Azure,Standard_M176bds_v3,176,1572864
Azure,Standard_E64i_v3,64,442368
Azure,Standard_E64is_v3,64,442368
Azure,Standard_M208ms_v2,208,5836800
Azure,Standard_M208s_v2,208,2918400
Azure,Standard_M416-208s_v2,416,5836800
Azure,Standard_M416s_v2,416,5836800
Azure,Standard_M416-208ms_v2,416,11673600
Azure,Standard_M416ms_v2,416,11673600
Azure,Standard_M416s_8_v2,416,7782400
Azure,Standard_L8s_v3,8,65536
Azure,Standard_L16s_v3,16,131072
Azure,Standard_L32s_v3,32,262144
Azure,Standard_L48s_v3,48,393216
Azure,Standard_L64s_v3,64,524288
Azure,Standard_L80s_v3,80,655360
Azure,Standard_NC4as_T4_v3,4,28672
Azure,Standard_NC8as_T4_v3,8,57344
Azure,Standard_NC16as_T4_v3,16,112640
Azure,Standard_NC64as_T4_v3,64,450560
Azure,Standard_NV6s_v2,6,114688
Azure,Standard_NV12s_v2,12,229376
Azure,Standard_NV24s_v2,24,458752
Azure,Standard_NV12s_v3,12,114688
Azure,Standard_NV24s_v3,24,229376
Azure,Standard_NV48s_v3,48,458752
Azure,Standard_HB120-16rs_v2,120,466944
Azure,Standard_HB120-32rs_v2,120,466944
Azure,Standard_HB120-64rs_v2,120,466944
Azure,Standard_HB120-96rs_v2,120,466944
Azure,Standard_HB120rs_v2,120,466944
Azure,Standard_D2plds_v5,2,4096
Azure,Standard_D4plds_v5,4,8192
Azure,Standard_D8plds_v5,8,16384
Azure,Standard_D16plds_v5,16,32768
Azure,Standard_D32plds_v5,32,65536
Azure,Standard_D48plds_v5,48,98304
Azure,Standard_D64plds_v5,64,131072
Azure,Standard_D2pls_v5,2,4096
Azure,Standard_D4pls_v5,4,8192
Azure,Standard_D8pls_v5,8,16384
Azure,Standard_D16pls_v5,16,32768
Azure,Standard_D32pls_v5,32,65536
Azure,Standard_D48pls_v5,48,98304
Azure,Standard_D64pls_v5,64,131072
Azure,Standard_D2pds_v5,2,8192
Azure,Standard_D4pds_v5,4,16384
Azure,Standard_D8pds_v5,8,32768
Azure,Standard_D16pds_v5,16,65536
Azure,Standard_D32pds_v5,32,131072
Azure,Standard_D48pds_v5,48,196608
Azure,Standard_D64pds_v5,64,212992
Azure,Standard_D2ps_v5,2,8192
Azure,Standard_D4ps_v5,4,16384
Azure,Standard_D8ps_v5,8,32768
Azure,Standard_D16ps_v5,16,65536
Azure,Standard_D32ps_v5,32,131072
Azure,Standard_D48ps_v5,48,196608
Azure,Standard_D64ps_v5,64,212992
Azure,Standard_E2pds_v5,2,16384
Azure,Standard_E4pds_v5,4,32768
Azure,Standard_E8pds_v5,8,65536
Azure,Standard_E16pds_v5,16,131072
Azure,Standard_E20pds_v5,20,163840
Azure,Standard_E32pds_v5,32,212992
Azure,Standard_E2ps_v5,2,16384
Azure,Standard_E4ps_v5,4,32768
Azure,Standard_E8ps_v5,8,65536
Azure,Standard_E16ps_v5,16,131072
Azure,Standard_E20ps_v5,20,163840
Azure,Standard_E32ps_v5,32,212992
Azure,Standard_B2pls_v2,2,4096
Azure,Standard_B2ps_v2,2,8192
Azure,Standard_B2pts_v2,2,1024
Azure,Standard_B4pls_v2,4,8192
Azure,Standard_B4ps_v2,4,16384
Azure,Standard_B8pls_v2,8,16384
Azure,Standard_B8ps_v2,8,32768
Azure,Standard_B16pls_v2,16,32768
Azure,Standard_B16ps_v2,16,65536
Azure,Standard_M416ds_6_v3,416,5832704
Azure,Standard_M416ds_8_v3,416,7782400
Azure,Standard_M416s_6_v3,416,5832704
Azure,Standard_M416s_8_v3,416,7782400
Azure,Standard_M624ds_12_v3,624,11673600
Azure,Standard_M832ds_12_v3,832,11673600
Azure,Standard_M624s_12_v3,624,11673600
Azure,Standard_M832s_12_v3,832,11673600
Azure,Standard_M832ids_16_v3,832,15564800
Azure,Standard_M832is_16_v3,832,15564800
Azure,Standard_NC24ads_A100_v4,24,225280
Azure,Standard_NC48ads_A100_v4,48,450560
Azure,Standard_NC96ads_A100_v4,96,901120
Azure,Standard_L8s_v2,8,65536
Azure,Standard_L16s_v2,16,131072
Azure,Standard_L32s_v2,32,262144
Azure,Standard_L48s_v2,48,393216
Azure,Standard_L64s_v2,64,524288
Azure,Standard_L80s_v2,80,655360
Azure,Standard_NV6ads_A10_v5,6,56320
Azure,Standard_NV12ads_A10_v5,12,112640
Azure,Standard_NV18ads_A10_v5,18,225280
Azure,Standard_NV36adms_A10_v5,36,901120
Azure,Standard_NV36ads_A10_v5,36,450560
Azure,Standard_NV72ads_A10_v5,72,901120
Azure,Standard_DC8_v2,8,32768
Azure,Standard_DC1s_v2,1,4096
Azure,Standard_DC2s_v2,2,8192
Azure,Standard_DC4s_v2,4,16384
Azure,Standard_ND40rs_v2,40,688128
Azure,Standard_HC44-16rs,16,360448
Azure,Standard_HC44-32rs,32,360448
Azure,Standard_HC44rs,44,360448
Azure,Standard_HX176-24rs,176,1441792
Azure,Standard_HX176-48rs,176,1441792
Azure,Standard_HX176-96rs,176,1441792
Azure,Standard_HX176-144rs,176,1441792
Azure,Standard_HX176rs,176,1441792
Azure,Standard_HB176-24rs_v4,176,786432
Azure,Standard_HB176-48rs_v4,176,786432
Azure,Standard_HB176-96rs_v4,176,786432
Azure,Standard_HB176-144rs_v4,176,786432
Azure,Standard_HB176rs_v4,176,786432
Azure,Standard_G1,2,28672
Azure,Standard_G2,4,57344
Azure,Standard_G3,8,114688
Azure,Standard_G4,16,229376
Azure,Standard_G5,32,458752
Azure,Standard_GS1,2,28672
Azure,Standard_GS2,4,57344
Azure,Standard_GS3,8,114688
Azure,Standard_GS4,16,229376
Azure,Standard_GS4-4,16,229376
Azure,Standard_GS4-8,16,229376
Azure,Standard_GS5,32,458752
Azure,Standard_GS5-8,32,458752
Azure,Standard_GS5-16,32,458752
Azure,Standard_L4s,4,32768
Azure,Standard_L8s,8,65536
Azure,Standard_L16s,16,131072
Azure,Standard_L32s,32,262144
Azure,Standard_FX4mds,4,86016
Azure,Standard_FX12mds,12,258048
Azure,Standard_FX24mds,24,516096
Azure,Standard_FX36mds,36,774144
Azure,Standard_FX48mds,48,1032192
Azure,Standard_NC40ads_H100_v5,40,327680
Azure,Standard_NC80adis_H100_v5,80,655360
Azure,Standard_NP10s,10,172032
Azure,Standard_NP20s,20,344064
Azure,Standard_NP40s,40,688128
Azure,Standard_D2pls_v6,2,4096
Azure,Standard_D4pls_v6,4,8192
Azure,Standard_D8pls_v6,8,16384
Azure,Standard_D16pls_v6,16,32768
Azure,Standard_D32pls_v6,32,65536
Azure,Standard_D48pls_v6,48,98304
Azure,Standard_D64pls_v6,64,131072
Azure,Standard_D96pls_v6,96,196608
Azure,Standard_D2plds_v6,2,4096
Azure,Standard_D4plds_v6,4,8192
Azure,Standard_D8plds_v6,8,16384
Azure,Standard_D16plds_v6,16,32768
Azure,Standard_D32plds_v6,32,65536
Azure,Standard_D48plds_v6,48,98304
Azure,Standard_D64plds_v6,64,131072
Azure,Standard_D96plds_v6,96,196608
Azure,Standard_D2ps_v6,2,8192
Azure,Standard_D4ps_v6,4,16384
Azure,Standard_D8ps_v6,8,32768
Azure,Standard_D16ps_v6,16,65536
Azure,Standard_D32ps_v6,32,131072
Azure,Standard_D48ps_v6,48,196608
Azure,Standard_D64ps_v6,64,262144
Azure,Standard_D2pds_v6,2,8192
Azure,Standard_D4pds_v6,4,16384
Azure,Standard_D8pds_v6,8,32768
Azure,Standard_D16pds_v6,16,65536
Azure,Standard_D32pds_v6,32,131072
Azure,Standard_D48pds_v6,48,196608
Azure,Standard_D64pds_v6,64,262144
Azure,Standard_E2ps_v6,2,16384
Azure,Standard_E4ps_v6,4,32768
Azure,Standard_E8ps_v6,8,65536
Azure,Standard_E16ps_v6,16,131072
Azure,Standard_E32ps_v6,32,262144
Azure,Standard_E2pds_v6,2,16384
Azure,Standard_E4pds_v6,4,32768
Azure,Standard_E8pds_v6,8,65536
Azure,Standard_E16pds_v6,16,131072
Azure,Standard_E32pds_v6,32,262144
Azure,Standard_NC6s_v3,6,114688
Azure,Standard_NC12s_v3,12,229376
Azure,Standard_NC24rs_v3,24,458752
Azure,Standard_NC24s_v3,24,458752
Azure,Standard_ND96isr_H100_v5,96,1945600
Azure,Standard_NV4as_v4,4,14336
Azure,Standard_NV8as_v4,8,28672
Azure,Standard_NV16as_v4,16,57344
Azure,Standard_NV32as_v4,32,114688
Azure,Standard_NC6,6,57344
Azure,Standard_NC12,12,114688
Azure,Standard_NC24,24,229376
Azure,Standard_NC24r,24,229376
Azure,Standard_NC6_Promo,6,57344
Azure,Standard_NC12_Promo,12,114688
Azure,Standard_NC24_Promo,24,229376
Azure,Standard_NC24r_Promo,24,229376
Azure,Standard_DC1s_v3,1,8192
Azure,Standard_DC2s_v3,2,16384
Azure,Standard_DC4s_v3,4,32768
Azure,Standard_DC8s_v3,8,65536
Azure,Standard_DC16s_v3,16,131072
Azure,Standard_DC24s_v3,24,196608
Azure,Standard_DC32s_v3,32,262144
Azure,Standard_DC48s_v3,48,393216
Azure,Standard_DC1ds_v3,1,8192
Azure,Standard_DC2ds_v3,2,16384
Azure,Standard_DC4ds_v3,4,32768
Azure,Standard_DC8ds_v3,8,65536
Azure,Standard_DC16ds_v3,16,131072
Azure,Standard_DC24ds_v3,24,196608
Azure,Standard_DC32ds_v3,32,262144
Azure,Standard_DC48ds_v3,48,393216
Azure,Standard_ND96amsr_A100_v4,96,1843200
Azure,Standard_D2as_v6,2,8192
Azure,Standard_D4as_v6,4,16384
Azure,Standard_D8as_v6,8,32768
Azure,Standard_D16as_v6,16,65536
Azure,Standard_D32as_v6,32,131072
Azure,Standard_D48as_v6,48,196608
Azure,Standard_D64as_v6,64,262144
Azure,Standard_D96as_v6,96,393216
Azure,Standard_E2as_v6,2,16384
Azure,Standard_E4as_v6,4,32768
Azure,Standard_E8as_v6,8,65536
Azure,Standard_E16as_v6,16,131072
Azure,Standard_E20as_v6,20,163840
Azure,Standard_E32as_v6,32,262144
Azure,Standard_E48as_v6,48,393216
Azure,Standard_E64as_v6,64,524288
Azure,Standard_E96as_v6,96,688128
Azure,Standard_D2ads_v6,2,8192
Azure,Standard_D4ads_v6,4,16384
Azure,Standard_D8ads_v6,8,32768
Azure,Standard_D16ads_v6,16,65536
Azure,Standard_D32ads_v6,32,131072
Azure,Standard_D48ads_v6,48,196608
Azure,Standard_D64ads_v6,64,262144
Azure,Standard_D96ads_v6,96,393216
Azure,Standard_D2als_v6,2,4096
Azure,Standard_D4als_v6,4,8192
Azure,Standard_D8als_v6,8,16384
Azure,Standard_D16als_v6,16,32768
Azure,Standard_D32als_v6,32,65536
Azure,Standard_D48als_v6,48,98304
Azure,Standard_D64als_v6,64,131072
Azure,Standard_D96als_v6,96,196608
Azure,Standard_D2alds_v6,2,4096
Azure,Standard_D4alds_v6,4,8192
Azure,Standard_D8alds_v6,8,16384
Azure,Standard_D16alds_v6,16,32768
Azure,Standard_D32alds_v6,32,65536
Azure,Standard_D48alds_v6,48,98304
Azure,Standard_D64alds_v6,64,131072
Azure,Standard_D96alds_v6,96,196608
Azure,Standard_E2ads_v6,2,16384
Azure,Standard_E4ads_v6,4,32768
Azure,Standard_E8ads_v6,8,65536
Azure,Standard_E16ads_v6,16,131072
Azure,Standard_E20ads_v6,20,163840
Azure,Standard_E32ads_v6,32,262144
Azure,Standard_E48ads_v6,48,393216
Azure,Standard_E64ads_v6,64,524288
Azure,Standard_E96ads_v6,96,688128
Azure,Standard_F2as_v6,2,8192
Azure,Standard_F4as_v6,4,16384
Azure,Standard_F8as_v6,8,32768
Azure,Standard_F16as_v6,16,65536
Azure,Standard_F32as_v6,32,131072
Azure,Standard_F48as_v6,48,196608
Azure,Standard_F64as_v6,64,262144
Azure,Standard_F2als_v6,2,4096
Azure,Standard_F4als_v6,4,8192
Azure,Standard_F8als_v6,8,16384
Azure,Standard_F16als_v6,16,32768
Azure,Standard_F32als_v6,32,65536
Azure,Standard_F48als_v6,48,98304
Azure,Standard_F64als_v6,64,131072
Azure,Standard_F2ams_v6,2,16384
Azure,Standard_F4ams_v6,4,32768
Azure,Standard_F8ams_v6,8,65536
Azure,Standard_F16ams_v6,16,131072
Azure,Standard_F32ams_v6,32,262144
Azure,Standard_F48ams_v6,48,393216
Azure,Standard_F64ams_v6,64,524288
Azure,Standard_D96pds_v6,96,393216
Azure,Standard_D96ps_v6,96,393216
Azure,Standard_E48ps_v6,48,393216
Azure,Standard_E64ps_v6,64,524288
Azure,Standard_E96ps_v6,96,688128
Azure,Standard_E48pds_v6,48,393216
Azure,Standard_E64pds_v6,64,524288
Azure,Standard_E96pds_v6,96,688128
Azure,Standard_HB120-16rs_v3,120,466944
Azure,Standard_HB120-32rs_v3,120,466944
Azure,Standard_HB120-64rs_v3,120,466944
Azure,Standard_HB120-96rs_v3,120,466944
Azure,Standard_HB120rs_v3,120,466944
Azure,Standard_PB6s,6,114688
Azure,Standard_NV6,6,57344
Azure,Standard_NV12,12,114688
Azure,Standard_NV24,24,229376
Azure,Standard_NV6_Promo,6,57344
Azure,Standard_NV12_Promo,12,114688
Azure,Standard_NV24_Promo,24,229376
Azure,Standard_HB60-15rs,15,233472
Azure,Standard_HB60-30rs,30,233472
Azure,Standard_HB60-45rs,45,233472
Azure,Standard_HB60rs,60,233472
Azure,Standard_ND96asr_v4,96,921600
Azure,Standard_ND40s_v3,40,688128
Azure,Standard_NC8ads_A10_v4,8,102400
Azure,Standard_NC16ads_A10_v4,16,204800
Azure,Standard_NC32ads_A10_v4,32,409600
GCP,a2-highgpu-1g,12,87040
GCP,a2-highgpu-2g,24,174080
GCP,a2-highgpu-4g,48,348160
GCP,a2-highgpu-8g,96,696320
GCP,a2-megagpu-16g,96,1392640
GCP,a2-ultragpu-1g,12,174080
GCP,a2-ultragpu-2g,24,348160
GCP,a2-ultragpu-4g,48,696320
GCP,a2-ultragpu-8g,96,1392640
GCP,a3-edgegpu-8g,208,1916928
GCP,a3-edgegpu-8g-nolssd,208,1916928
GCP,a3-highgpu-1g,26,239616
GCP,a3-highgpu-2g,52,479232
GCP,a3-highgpu-4g,104,958464
GCP,a3-highgpu-8g,208,1916928
GCP,a3-megagpu-8g,208,1916928
GCP,c2-standard-16,16,65536
GCP,c2-standard-30,30,122880
GCP,c2-standard-4,4,16384
GCP,c2-standard-60,60,245760
GCP,c2-standard-8,8,32768
GCP,c2d-highcpu-112,112,229376
GCP,c2d-highcpu-16,16,32768
GCP,c2d-highcpu-2,2,4096
GCP,c2d-highcpu-32,32,65536
GCP,c2d-highcpu-4,4,8192
GCP,c2d-highcpu-56,56,114688
GCP,c2d-highcpu-8,8,16384
GCP,c2d-highmem-112,112,917504
GCP,c2d-highmem-16,16,131072
GCP,c2d-highmem-2,2,16384
GCP,c2d-highmem-32,32,262144
GCP,c2d-highmem-4,4,32768
GCP,c2d-highmem-56,56,458752
GCP,c2d-highmem-8,8,65536
GCP,c2d-standard-112,112,458752
GCP,c2d-standard-16,16,65536
GCP,c2d-standard-2,2,8192
GCP,c2d-standard-32,32,131072
GCP,c2d-standard-4,4,16384
GCP,c2d-standard-56,56,229376
GCP,c2d-standard-8,8,32768
GCP,c3-highcpu-176,176,360448
GCP,c3-highcpu-22,22,45056
GCP,c3-highcpu-4,4,8192
GCP,c3-highcpu-44,44,90112
GCP,c3-highcpu-8,8,16384
GCP,c3-highcpu-88,88,180224
GCP,c3-highmem-176,176,1441792
GCP,c3-highmem-192-metal,192,1572864
GCP,c3-highmem-22,22,180224
GCP,c3-highmem-4,4,32768
GCP,c3-highmem-44,44,360448
GCP,c3-highmem-8,8,65536
GCP,c3-highmem-88,88,720896
GCP,c3-standard-176,176,720896
GCP,c3-standard-176-lssd,176,720896
GCP,c3-standard-192-metal,192,786432
GCP,c3-standard-22,22,90112
GCP,c3-standard-22-lssd,22,90112
GCP,c3-standard-4,4,16384
GCP,c3-standard-4-lssd,4,16384
GCP,c3-standard-44,44,180224
GCP,c3-standard-44-lssd,44,180224
GCP,c3-standard-8,8,32768
GCP,c3-standard-8-lssd,8,32768
GCP,c3-standard-88,88,360448
GCP,c3-standard-88-lssd,88,360448
GCP,c3d-highcpu-16,16,32768
GCP,c3d-highcpu-180,180,362496
GCP,c3d-highcpu-30,30,60416
GCP,c3d-highcpu-360,360,724992
GCP,c3d-highcpu-4,4,8192
GCP,c3d-highcpu-60,60,120832
GCP,c3d-highcpu-8,8,16384
GCP,c3d-highcpu-90,90,181248
GCP,c3d-highmem-16,16,131072
GCP,c3d-highmem-16-lssd,16,131072
GCP,c3d-highmem-180,180,1474560
GCP,c3d-highmem-180-lssd,180,1474560
GCP,c3d-highmem-30,30,245760
GCP,c3d-highmem-30-lssd,30,245760
GCP,c3d-highmem-360,360,2949120
GCP,c3d-highmem-360-lssd,360,2949120
GCP,c3d-highmem-4,4,32768
GCP,c3d-highmem-60,60,491520
GCP,c3d-highmem-60-lssd,60,491520
GCP,c3d-highmem-8,8,65536
GCP,c3d-highmem-8-lssd,8,65536
GCP,c3d-highmem-90,90,737280
GCP,c3d-highmem-90-lssd,90,737280
GCP,c3d-standard-16,16,65536
GCP,c3d-standard-16-lssd,16,65536
GCP,c3d-standard-180,180,737280
GCP,c3d-standard-180-lssd,180,737280
GCP,c3d-standard-30,30,122880
GCP,c3d-standard-30-lssd,30,122880
GCP,c3d-standard-360,360,1474560
GCP,c3d-standard-360-lssd,360,1474560
GCP,c3d-standard-4,4,16384
GCP,c3d-standard-60,60,245760
GCP,c3d-standard-60-lssd,60,245760
GCP,c3d-standard-8,8,32768
GCP,c3d-standard-8-lssd,8,32768
GCP,c3d-standard-90,90,368640
GCP,c3d-standard-90-lssd,90,368640
GCP,c4-highcpu-16,16,32768
GCP,c4-highcpu-192,192,393216
GCP,c4-highcpu-2,2,4096
GCP,c4-highcpu-32,32,65536
GCP,c4-highcpu-4,4,8192
GCP,c4-highcpu-48,48,98304
GCP,c4-highcpu-8,8,16384
GCP,c4-highcpu-96,96,196608
GCP,c4-highmem-16,16,126976
GCP,c4-highmem-192,192,1523712
GCP,c4-highmem-2,2,15360
GCP,c4-highmem-32,32,253952
GCP,c4-highmem-4,4,31744
GCP,c4-highmem-48,48,380928
GCP,c4-highmem-8,8,63488
GCP,c4-highmem-96,96,761856
GCP,c4-standard-16,16,61440
GCP,c4-standard-192,192,737280
GCP,c4-standard-2,2,7168
GCP,c4-standard-32,32,122880
GCP,c4-standard-4,4,15360
GCP,c4-standard-48,48,184320
GCP,c4-standard-8,8,30720
GCP,c4-standard-96,96,368640
GCP,c4a-highcpu-1,1,2048
GCP,c4a-highcpu-16,16,32768
GCP,c4a-highcpu-2,2,4096
GCP,c4a-highcpu-32,32,65536
GCP,c4a-highcpu-4,4,8192
GCP,c4a-highcpu-48,48,98304
GCP,c4a-highcpu-64,64,131072
GCP,c4a-highcpu-72,72,147456
GCP,c4a-highcpu-8,8,16384
GCP,c4a-highmem-1,1,8192
GCP,c4a-highmem-16,16,131072
GCP,c4a-highmem-16-lssd,16,131072
GCP,c4a-highmem-2,2,16384
GCP,c4a-highmem-32,32,262144
GCP,c4a-highmem-32-lssd,32,262144
GCP,c4a-highmem-4,4,32768
GCP,c4a-highmem-4-lssd,4,32768
GCP,c4a-highmem-48,48,393216
GCP,c4a-highmem-48-lssd,48,393216
GCP,c4a-highmem-64,64,524288
GCP,c4a-highmem-64-lssd,64,524288
GCP,c4a-highmem-72,72,589824
GCP,c4a-highmem-72-lssd,72,589824
GCP,c4a-highmem-8,8,65536
GCP,c4a-highmem-8-lssd,8,65536
GCP,c4a-standard-1,1,4096
GCP,c4a-standard-16,16,65536
GCP,c4a-standard-16-lssd,16,65536
GCP,c4a-standard-2,2,8192
GCP,c4a-standard-32,32,131072
GCP,c4a-standard-32-lssd,32,131072
GCP,c4a-standard-4,4,16384
GCP,c4a-standard-4-lssd,4,16384
GCP,c4a-standard-48,48,196608
GCP,c4a-standard-48-lssd,48,196608
GCP,c4a-standard-64,64,262144
GCP,c4a-standard-64-lssd,64,262144
GCP,c4a-standard-72,72,294912
GCP,c4a-standard-72-lssd,72,294912
GCP,c4a-standard-8,8,32768
GCP,c4a-standard-8-lssd,8,32768
GCP,ct3-hightpu-4t,96,348160
GCP,ct3p-hightpu-4t,48,348160
GCP,ct5l-hightpu-1t,24,49152
GCP,ct5l-hightpu-4t,112,196608
GCP,ct5l-hightpu-8t,224,393216
GCP,ct5lp-hightpu-1t,24,49152
GCP,ct5lp-hightpu-4t,112,196608
GCP,ct5lp-hightpu-8t,224,393216
GCP,ct5p-hightpu-4t,208,458752
GCP,e2-highcpu-16,16,16384
GCP,e2-highcpu-2,2,2048
GCP,e2-highcpu-32,32,32768
GCP,e2-highcpu-4,4,4096
GCP,e2-highcpu-8,8,8192
GCP,e2-highmem-16,16,131072
GCP,e2-highmem-2,2,16384
GCP,e2-highmem-4,4,32768
GCP,e2-highmem-8,8,65536
GCP,e2-medium,2,4096
GCP,e2-micro,2,1024
GCP,e2-small,2,2048
GCP,e2-standard-16,16,65536
GCP,e2-standard-2,2,8192
GCP,e2-standard-32,32,131072
GCP,e2-standard-4,4,16384
GCP,e2-standard-8,8,32768
GCP,f1-micro,1,614
GCP,g1-small,1,1740
GCP,g2-standard-12,12,49152
GCP,g2-standard-16,16,65536
GCP,g2-standard-24,24,98304
GCP,g2-standard-32,32,131072
GCP,g2-standard-4,4,16384
GCP,g2-standard-48,48,196608
GCP,g2-standard-8,8,32768
GCP,g2-standard-96,96,393216
GCP,h3-standard-88,88,360448
GCP,m1-megamem-96,96,1468006
GCP,m1-ultramem-160,160,3936256
GCP,m1-ultramem-40,40,984064
GCP,m1-ultramem-80,80,1968128
GCP,m2-hypermem-416,416,9043968
GCP,m2-megamem-416,416,6029312
GCP,m2-ultramem-208,208,6029312
GCP,m2-ultramem-416,416,12058624
GCP,m3-megamem-128,128,1998848
GCP,m3-megamem-64,64,999424
GCP,m3-ultramem-128,128,3997696
GCP,m3-ultramem-32,32,999424
GCP,m3-ultramem-64,64,1998848
GCP,n1-highcpu-16,16,14746
GCP,n1-highcpu-2,2,1843
GCP,n1-highcpu-32,32,29491
GCP,n1-highcpu-4,4,3686
GCP,n1-highcpu-64,64,58982
GCP,n1-highcpu-8,8,7373
GCP,n1-highcpu-96,96,88474
GCP,n1-highmem-16,16,106496
GCP,n1-highmem-2,2,13312
GCP,n1-highmem-32,32,212992
GCP,n1-highmem-4,4,26624
GCP,n1-highmem-64,64,425984
GCP,n1-highmem-8,8,53248
GCP,n1-highmem-96,96,638976
GCP,n1-megamem-96,96,1468006
GCP,n1-standard-1,1,3840
GCP,n1-standard-16,16,61440
GCP,n1-standard-2,2,7680
GCP,n1-standard-32,32,122880
GCP,n1-standard-4,4,15360
GCP,n1-standard-64,64,245760
GCP,n1-standard-8,8,30720
GCP,n1-standard-96,96,368640
GCP,n1-ultramem-160,160,3936256
GCP,n1-ultramem-40,40,984064
GCP,n1-ultramem-80,80,1968128
GCP,n2-highcpu-16,16,16384
GCP,n2-highcpu-2,2,2048
GCP,n2-highcpu-32,32,32768
GCP,n2-highcpu-4,4,4096
GCP,n2-highcpu-48,48,49152
GCP,n2-highcpu-64,64,65536
GCP,n2-highcpu-8,8,8192
GCP,n2-highcpu-80,80,81920
GCP,n2-highcpu-96,96,98304
GCP,n2-highmem-128,128,884736
GCP,n2-highmem-16,16,131072
GCP,n2-highmem-2,2,16384
GCP,n2-highmem-32,32,262144
GCP,n2-highmem-4,4,32768
GCP,n2-highmem-48,48,393216
GCP,n2-highmem-64,64,524288
GCP,n2-highmem-8,8,65536
GCP,n2-highmem-80,80,655360
GCP,n2-highmem-96,96,786432
GCP,n2-standard-128,128,524288
GCP,n2-standard-16,16,65536
GCP,n2-standard-2,2,8192
GCP,n2-standard-32,32,131072
GCP,n2-standard-4,4,16384
GCP,n2-standard-48,48,196608
GCP,n2-standard-64,64,262144
GCP,n2-standard-8,8,32768
GCP,n2-standard-80,80,327680
GCP,n2-standard-96,96,393216
GCP,n2d-highcpu-128,128,131072
GCP,n2d-highcpu-16,16,16384
GCP,n2d-highcpu-2,2,2048
GCP,n2d-highcpu-224,224,229376
GCP,n2d-highcpu-32,32,32768
GCP,n2d-highcpu-4,4,4096
GCP,n2d-highcpu-48,48,49152
GCP,n2d-highcpu-64,64,65536
GCP,n2d-highcpu-8,8,8192
GCP,n2d-highcpu-80,80,81920
GCP,n2d-highcpu-96,96,98304
GCP,n2d-highmem-16,16,131072
GCP,n2d-highmem-2,2,16384
GCP,n2d-highmem-32,32,262144
GCP,n2d-highmem-4,4,32768
GCP,n2d-highmem-48,48,393216
GCP,n2d-highmem-64,64,524288
GCP,n2d-highmem-8,8,65536
GCP,n2d-highmem-80,80,655360
GCP,n2d-highmem-96,96,786432
GCP,n2d-standard-128,128,524288
GCP,n2d-standard-16,16,65536
GCP,n2d-standard-2,2,8192
GCP,n2d-standard-224,224,917504
GCP,n2d-standard-32,32,131072
GCP,n2d-standard-4,4,16384
GCP,n2d-standard-48,48,196608
GCP,n2d-standard-64,64,262144
GCP,n2d-standard-8,8,32768
GCP,n2d-standard-80,80,327680
GCP,n2d-standard-96,96,393216
GCP,n4-highcpu-16,16,32768
GCP,n4-highcpu-2,2,4096
GCP,n4-highcpu-32,32,65536
GCP,n4-highcpu-4,4,8192
GCP,n4-highcpu-48,48,98304
GCP,n4-highcpu-64,64,131072
GCP,n4-highcpu-8,8,16384
GCP,n4-highcpu-80,80,163840
GCP,n4-highmem-16,16,131072
GCP,n4-highmem-2,2,16384
GCP,n4-highmem-32,32,262144
GCP,n4-highmem-4,4,32768
GCP,n4-highmem-48,48,393216
GCP,n4-highmem-64,64,524288
GCP,n4-highmem-8,8,65536
GCP,n4-highmem-80,80,655360
GCP,n4-standard-16,16,65536
GCP,n4-standard-2,2,8192
GCP,n4-standard-32,32,131072
GCP,n4-standard-4,4,16384
GCP,n4-standard-48,48,196608
GCP,n4-standard-64,64,262144
GCP,n4-standard-8,8,32768
GCP,n4-standard-80,80,327680
GCP,t2a-standard-1,1,4096
GCP,t2a-standard-16,16,65536
GCP,t2a-standard-2,2,8192
GCP,t2a-standard-32,32,131072
GCP,t2a-standard-4,4,16384
GCP,t2a-standard-48,48,196608
GCP,t2a-standard-8,8,32768
GCP,t2d-standard-1,1,4096
GCP,t2d-standard-16,16,65536
GCP,t2d-standard-2,2,8192
GCP,t2d-standard-32,32,131072
GCP,t2d-standard-4,4,16384
GCP,t2d-standard-48,48,196608
GCP,t2d-standard-60,60,245760
GCP,t2d-standard-8,8,32768
GCP,x4-megamem-1440-metal,1440,25165824
GCP,x4-megamem-1920-metal,1920,33554432
GCP,x4-megamem-960-metal,960,16777216
GCP,z3-highmem-176,176,1441792
GCP,z3-highmem-88,88,720896
